{"stus":[{"id":1,"name":"张三","pwd":"7fef6171469e80d32c0559f88b377245","age":"11","sex":"男","create_at":"2017-08-06"},{"id":2,"name":"李四","pwd":"7fef6171469e80d32c0559f88b377245","age":"22","sex":"女","create_at":"2016-01-01"},{"id":3,"name":"王五","pwd":"7fef6171469e80d32c0559f88b377245","age":"33","sex":"男","create_at":"2014-08-06"},{"name":"张三2","pwd":"admin888","id":4,"create_at":"2018-10-19 17-14-56"},{"name":"张三3","pwd":"7fef6171469e80d32c0559f88b377245","id":5,"create_at":"2018-10-19 17-15-48"}]}