{"stus":[{"id":1,"name":"张三","pwd":"11","age":"11","sex":"男","create_at":"2017-08-06"},{"id":2,"name":"李四","pwd":"22","age":"22","sex":"女","create_at":"2016-01-01"},{"id":3,"name":"王五","pwd":"33","age":"33","sex":"男","create_at":"2014-08-06"},{"name":"aaa","pwd":"aaa","age":"111","sex":"男","create_at":"2018-10-19 10-56-9","id":4},{"name":"bbb","pwd":"bbb","age":"222","sex":"女","create_at":"2018-10-19 10-56-23","id":5},{"name":"ccc","pwd":"ccc","age":"333","sex":"女","create_at":"2018-10-19 11-35-57","id":6},{"name":"ddd","pwd":"ddd","age":"444","sex":"男","id":7,"create_at":"2018-10-19 11:40:32"},{"name":"eee","pwd":"eee","age":"555","sex":"女","id":8,"create_at":"2018-10-19 11-51-41"}]}